posterior,7
analytics,1
by,161
aristotle,1
,576
translated,1
g.,4
r.,1
mure,1
book,3
i,57
part,71
1,2
all,165
instruction,1
given,15
or,295
received,1
way,17
of,1411
argument,15
proceeds,10
from,159
pre,3
existent,6
knowledge.,17
this,204
becomes,7
evident,8
upon,4
a,886
survey,1
the,2280
species,36
such,87
instruction.,1
mathematical,11
sciences,15
and,841
other,131
speculative,1
disciplines,1
are,378
acquired,4
in,659
"way,",7
so,120
two,81
forms,8
dialectical,8
"reasoning,",1
syllogistic,5
inductive;,1
for,242
each,42
these,96
latter,20
make,10
use,9
old,1
knowledge,114
to,707
impart,1
"new,",1
syllogism,44
assuming,8
an,182
audience,1
that,594
accepts,3
its,129
"premisses,",23
induction,11
exhibiting,2
universal,83
as,351
implicit,1
clearly,30
known,29
particular.,2
"again,",21
persuasion,1
exerted,1
rhetorical,1
arguments,4
is,1249
principle,1
"same,",5
since,122
they,124
either,69
"example,",18
kind,23
"induction,",3
"enthymeme,",1
form,33
syllogism.,6
required,10
kinds.,2
some,80
cases,19
admission,2
fact,74
must,161
be,559
"assumed,",4
others,14
comprehension,1
meaning,20
term,85
"used,",1
sometimes,6
both,78
assumptions,4
essential.,3
"thus,",24
we,344
assume,15
every,58
predicate,37
can,106
truly,10
affirmed,9
denied,11
any,65
"subject,",18
'triangle',1
means,18
so;,1
regards,11
'unit',1
have,148
double,1
assumption,11
word,2
existence,20
thing.,7
reason,37
several,13
objects,13
not,449
equally,13
obvious,9
us.,1
recognition,5
truth,19
may,97
contain,4
factors,1
previous,6
also,86
simultaneously,7
with,106
"knowledge,",15
"latter,",2
particulars,5
actually,33
falling,2
under,9
therein,2
already,8
virtually,1
known.,1
student,2
knew,2
beforehand,1
angles,34
triangle,35
equal,29
right,42
angles;,1
but,255
it,447
was,39
only,85
at,60
actual,8
moment,3
which,321
he,80
being,74
led,2
on,85
recognize,3
true,73
instance,25
before,10
him,3
came,3
know,76
'this,10
figure,34
inscribed,1
semicircle',1
triangle.,1
things,26
(viz.,2
singulars,2
finally,2
reached,6
predicable,43
anything,18
else,18
subject),1
learnt,2
i.e.,50
there,121
here,15
no,120
through,83
middle,113
minor,14
subject,104
major.,3
drew,1
"conclusion,",10
should,34
perhaps,4
say,21
manner,8
"knew,",1
not.,7
if,298
did,5
unqualified,17
sense,59
"triangle,",8
how,18
could,11
without,48
qualification,10
were,23
angles?,2
no:,2
knows,23
universally.,6
distinction,6
"drawn,",2
faced,3
dilemma,1
meno:,1
man,53
will,177
learn,6
nothing,17
what,112
knows;,1
cannot,83
accept,2
solution,3
people,4
offer.,1
"asked,",2
'do,1
"you,",2
do,36
you,19
"not,",8
pair,5
even?',1
says,1
does,80
it.,18
questioner,1
then,102
produces,3
particular,24
"pair,",1
"existence,",5
fortiori,3
"evenness,",2
unaware.,1
offer,3
assert,4
"even,",4
everything,10
even:,1
yet,43
even,44
demonstrated,22
made,10
their,67
"premiss,",14
viz.,10
merely,12
number,30
"such,",10
reservation.,1
premiss,42
ever,3
couched,1
'every,3
"such',",1
rectilinear,3
such':,1
always,36
construed,1
applicable,4
"hand,",24
imagine,2
prevent,2
one,211
knowing,15
"learning,",2
another,40
strange,4
thing,52
would,54
"be,",6
precise,1
learning,1
2,2
suppose,17
ourselves,5
possess,34
scientific,45
"thing,",7
opposed,5
accidental,12
sophist,1
"knows,",3
when,100
think,7
cause,91
"depends,",1
"other,",5
"and,",7
"further,",10
than,92
is.,7
now,46
something,28
sort,3
witness,1
those,27
who,23
falsely,3
claim,2
"it,",18
former,11
themselves,6
while,28
"actually,",1
condition,11
described.,1
consequently,19
proper,5
object,16
well,16
discussed,2
later.,2
events,10
demonstration.,27
demonstration,127
mean,28
productive,2
"syllogism,",7
"is,",41
grasp,9
eo,2
ipso,2
my,5
thesis,2
nature,77
"correct,",1
premisses,116
"true,",19
"primary,",6
"immediate,",6
better,31
prior,46
further,31
related,25
them,51
effect,26
cause.,8
unless,13
conditions,4
"satisfied,",1
basic,65
truths,48
'appropriate',11
conclusion.,7
indeed,5
"conditions,",1
true:,2
non,19
"know,",4
e.g.,63
diagonal,3
square,4
commensurate,25
side.,1
primary,41
indemonstrable;,3
otherwise,14
require,5
order,14
"known,",8
"demonstrable,",4
precisely,8
them.,9
causes,18
it;,8
"causes,",5
cause;,2
"prior,",3
causes;,2
antecedently,1
antecedent,5
our,59
mere,8
understanding,1
"meaning,",3
well.,4
'prior',1
'better,1
known',1
ambiguous,1
"terms,",9
difference,8
between,27
man.,6
nearer,3
man;,1
sense.,2
most,8
furthest,1
nearest,2
"sense,",5
thus,42
exactly,1
another.,9
saying,2
"truths,",7
identify,1
truth.,4
'basic,1
truth',1
immediate,36
proposition.,1
proposition,12
has,95
"enunciation,",2
predicates,20
single,45
attribute,93
subject.,9
"dialectical,",2
assumes,10
indifferently;,1
"demonstrative,",1
lays,3
down,9
definite,4
exclusion,2
because,88
true.,10
'enunciation',1
denotes,1
contradiction,4
indifferently.,2
opposition,2
own,10
excludes,1
middle.,5
conjoins,1
affirmation;,1
disjoining,1
negation.,2
call,17
'thesis',2
"when,",3
though,42
susceptible,1
proof,50
"teacher,",1
ignorance,2
constitute,8
total,3
bar,1
progress,1
pupil:,1
pupil,4
whatever,5
axiom.,1
axiom,1
give,11
name,8
axioms,9
par,1
excellence.,1
asserts,3
hypothesis;,1
"assert,",1
definition.,4
definition,68
'laying,1
"down',",1
arithmetician,2
unit,5
quantitatively,1
indivisible;,1
"hypothesis,",2
define,7
same,88
affirm,10
existence.,3
ground,5
conviction,4
possession,10
"demonstration,",28
facts,9
constituting,7
"beforehand,",1
conclusion:,2
attribute's,4
inherence,26
itself,18
inheres,26
more,55
firmly,1
attribute;,1
loving,1
dearer,1
us,37
love.,1
follows,28
convinced,1
"consequences,",1
premisses.,13
believe,4
paradox,1
whose,12
belief,3
rests,4
knowledge;,5
"some,",1
"all,",10
"moreover,",15
sets,2
out,12
acquire,3
comes,8
firmer,1
connexion,18
demonstrated:,1
"this,",3
certain,14
character,13
contradicting,1
fundamental,4
lead,2
erroneous,7
pure,3
science,36
unshakable.,1
3,2
hold,8
"that,",16
owing,1
necessity,10
demonstrable.,4
neither,31
doctrine,3
necessary,41
deduction,1
first,53
"school,",1
maintain,5
infinite,21
regress,8
"involved,",1
behind,1
stands,1
(wherein,1
"right,",1
traverse,1
series):,1
hand,10
series,37
terminates,5
unknowable,1
incapable,7
according,7
conclusions,17
follow,11
nor,58
properly,1
supposition,4
party,1
agree,1
"knowing,",3
holding,2
possible,31
see,7
difficulty,5
"demonstrated,",2
circular,10
reciprocal.,1
demonstrative:,1
"contrary,",3
independent,1
(the,4
obvious;,1
end,11
indemonstrable.),1
"then,",46
"doctrine,",1
addition,4
besides,2
originative,6
source,11
enables,2
definitions.,2
based,4
conclusion;,1
another:,2
"'demonstration',",1
'demonstration',1
extended,2
include,1
method,22
extension,1
prove,35
faulty;,1
seem,3
kinds,10
"perhaps,",3
"however,",17
second,22
"us,",2
term.,10
advocates,1
just,17
stated:,1
theory,5
reduces,1
statement,12
"exists,",8
exist,15
easy,1
proving,11
anything.,4
shown,22
taking,8
three,9
circle,4
makes,6
whether,42
many,15
terms,49
few,1
taken.,1
direct,3
"proof,",4
b,172
be;,3
c,123
therefore,33
be.,3
substituted,1
above.,2
'if,2
be'='if,1
"be',",1
above,3
gave,1
conclusion,81
be':,1
been,34
identified.,1
upholders,1
position,2
simple,5
impossible,15
except,14
case,49
attributes,51
imply,4
"another,",13
'peculiar',8
properties.,3
"now,",5
positing,2
never,13
involves,2
consequent:,1
smallest,1
foundation,4
drawing,3
demonstrative,15
science.,6
"if,",21
implied,4
"c,",40
reciprocally,6
"a,",36
"possible,",8
writings,1
original,6
"rested,",1
figure.,6
figures,6
least,3
none,5
proves,17
propositions,11
convertible,3
circularly,1
occur,4
rarely,1
"demonstrations,",3
frivolous,1
reciprocal,2
demonstrated.,2
4,2
obtained,5
necessary.,3
present,15
inference,20
consider,9
character:,2
"preliminary,",1
let,47
'true,3
"subject',",1
'essential',2
"attribute,",10
'commensurate,1
universal',2
attribute.,5
instance',2
instances,6
"times,",1
time,7
only;,2
animal,28
"man,",8
"man',",2
animal',1
now.,1
corresponding,3
account,8
holds,6
point,14
contained,11
line.,1
evidence,2
objection,2
raise,4
against,9
put,6
"which,",6
occasion,1
essential,114
(1),27
belong,18
elements,20
(e.g.,3
line,13
belongs,12
line;,1
very,4
'substance',1
composed,1
"elements,",2
formulae,1
defining,12
line):,1
(2),25
"subjects,",7
subjects,38
formula.,2
straight,4
curved,1
"line,",2
odd,12
prime,3
"compound,",1
"oblong,",1
number;,3
formula,7
contains,3
extending,1
classification,1
"attributes,",7
distinguish,1
answer,6
description,1
belonging,17
essentially,19
respective,3
subjects;,1
whereas,15
ways,2
accidents,4
'coincidents';,1
musical,4
white,17
'coincident',2
animal.,7
(a),9
predicated,47
itself:,1
'the,15
walking,4
[thing]',1
walks,1
virtue,21
besides;,1
"substance,",3
signifies,3
"somewhat',",3
besides.,1
"things,",3
essential;,3
'coincidental'.,2
again,20
(b),11
consequentially,3
connected,12
example,9
'while,1
lightened':,1
lightning,1
due,5
his,13
walking;,1
"was,",2
"say,",7
coincidence.,1
consequential,1
"connexion,",4
predication,15
beast,1
dies,1
throat,1
"cut,",1
death,2
"cutting,",1
cutting,1
"death,",1
cutting.,1
far,19
concerns,6
sphere,6
connexions,16
scientifically,2
"term,",11
(within,1
sphere),1
"them,",13
subjects.,4
inhere,23
simply,3
qualified,4
opposites,5
subject;,2
straightness,1
"curvature,",1
oddness,1
evenness.,1
within,28
identical,44
genus,48
contrary,11
privative,1
contradictory;,1
inasmuch,3
consequent,4
odd.,2
"so,",12
necessity.,3
established,6
'commensurately,1
such;,2
universals,7
necessarily,26
identical.,3
"essentially,",2
"angles,",14
angles.,3
commensurately,36
universally,9
random,3
belong.,2
equality,7
show,8
selected,3
"haphazard,",1
demonstrating,2
take,18
isosceles,15
prior.,1
primarily,9
question,32
"universally,",4
universally:,1
attaches,3
secondary,1
unessential,2
isosceles;,2
wider,18
application.,1
5,2
fail,6
observe,2
often,4
fall,14
into,15
error,13
so.,2
mistake,2
individual,5
individuals,2
found:,1
different,26
higher,9
"universal,",13
name:,2
(3),13
demonstrator,1
takes,8
whole,25
really,3
larger,2
whole;,1
taken,24
such.,1
exemplified.,1
perpendiculars,1
"parallel,",1
might,26
supposed,1
lines,7
perpendicular,1
parallel,1
parallelism,1
depends,4
"angle,",3
follows:,7
thought,3
qua,29
isosceles.,1
law,7
proportionals,3
alternate.,2
alternation,1
used,8
separately,3
"numbers,",6
"lines,",4
"solids,",1
"durations,",2
proved,31
denote,1
"lengths,",1
solids,1
"identical,",4
differed,1
specifically,6
property,9
separately.,2
"day,",1
manifesting,1
generic,2
postulated,1
possessing,10
"hence,",5
proofs;,2
"still,",1
long,3
treats,1
"equilateral,",2
"scalene,",1
"isosceles,",2
"sophistically,",1
these.,5
"property,",5
'all',3
triangles,4
'each,1
singly':,1
'as,1
"class',",1
'all,1
triangles'.,1
"universality,",1
knowledge?,4
essence,10
"equilaterals,",1
knowledge:,2
equilateral,1
triangle;,3
fails,2
universality.,1
"'but',",1
'does,4
isosceles?,1
primary?,1
(i.e.,1
universally?)',1
found,5
elimination,2
inferior,2
differentiae,9
proceeds.,1
brazen,2
angles:,1
eliminate,1
remains.,1
'but',1
'eliminate,1
"limit,",2
vanishes.',1
limit,3
destroys,1
'then,1
first?',1
"predicable,",2
6,2
rest,1
truths;,2
attaching,4
attach,4
them:,2
nature.,9
pairs,1
class,5
includes,2
member,1
inheres.),1
explained:,1
"accidental,",2
state,8
premise,4
infer,8
developed,6
"demonstrating,",1
your,1
assuredly,3
demonstrate,6
once,8
distinctive,1
indicated,1
professed,1
altogether,1
devoid,1
"necessity,",1
rate,4
opponent's,1
goes.,1
shows,6
naive,1
one's,7
rightly,1
chosen,1
starts,1
popularly,1
accepted,2
sophists',1
popular,1
acceptance,2
rejection,1
criterion,1
"truth,",5
matter,3
demonstration;,5
'appropriate'.,1
development,1
follows.,7
where,14
"b,",50
argues,1
reasoned,29
owe,2
term;,5
"necessary,",6
mediating,3
link,2
contingent,1
fact.,8
still,13
retains,1
steps,2
"argument,",2
change,3
himself,2
lapse,1
memory,1
part;,1
had,7
previously.,1
"link,",1
perished,2
interval;,1
"fact,",19
retain,2
before.,3
liable,2
"perish,",1
situation,1
occur.,3
quite,6
easily,3
necessary;,1
c.,12
nonnecessary,1
either.,1
thus:,12
c;,11
too,25
hypothesis,5
sum,3
"up,",1
then:,1
"nexus,",1
possessor,1
connexion.,3
"ignorant,",1
infers,1
"accident,",2
speak,1
"inhere,",2
"difficulty,",1
raised,4
why,24
"dialectic,",1
determinate,9
proposed,1
deal,1
problems.,2
result,7
asked,3
questions,17
stated,6
conclusion?,2
"put,",1
replies,2
necessitate,1
answers,3
answerer,1
"affirm,",1
possessed,4
clear,26
demonstrations,18
produce,6
necessary:,1
drawn,5
(this,1
invariable,1
"essential,",2
proofs,4
signs;,1
reason);,1
conclude,12
"minor,",4
major,29
7,2
pass,5
"cannot,",2
"instance,",14
geometrical,10
arithmetic.,2
demonstration:,3
"proved,",2
inhering,11
genus;,2
"axioms,",3
"properties,",2
revealed,4
sciences:,1
genera,6
arithmetic,3
geometry,12
apply,4
arithmetical,4
properties,14
magnitudes,2
numbers.,4
transference,2
explain,4
likewise,4
"possess,",1
genera;,1
absolutely,1
extent,10
same.,1
"impossible,",3
extreme,8
genus:,3
"otherwise,",3
"predicated,",1
accidents.,1
"science,",11
product,1
cubes,1
cube.,1
theorem,1
theorems,7
subordinate,13
superior,14
optical,2
harmonic,2
arithmetic).,1
peculiar,9
"show,",1
beautiful,1
circle;,2
qualities,1
"genus,",18
shares,1
genera.,1
8,2
eternal.,1
strictly,3
perishable,4
things.,3
temporary,1
special.,1
"made,",1
(perishable,1
perishable;,1
others);,1
"definitions,",7
differs,4
terms.,8
frequent,3
occurrences,2
eclipse,17
happening,1
moon,19
"are,",8
eternal:,1
eternal,1
fully,1
commensurate.,2
moon.,2
9,2
truths.,4
"indemonstrable,",1
like,14
bryson's,1
squaring,1
operate,2
common,28
"character,",4
"therefore,",12
share,1
kind.,3
afford,1
"accidentally,",2
such:,1
genus.,4
"inheres,",3
inferred,11
subject:,1
exceptions,3
rule,6
harmonics,1
demonstrable,19
falls,9
separate,4
(for,9
"separate),",1
apparent,1
requisite,2
identity,5
character.,2
less,8
deduced,2
belonged,1
sovereignty.,1
derives,2
uncaused:,1
best,2
highest,1
degree.,1
"but,",4
transferable,1
mentioned,1
application,3
mechanics,1
"optics,",4
harmonics.,1
hard,2
sure,3
not;,3
appropriate,2
differentia,10
so:,2
homogeneous,2
10,2
clements,1
proved.,1
dependent,2
assumed.,5
assumed;,1
"remainder,",2
attributes.,3
alike,7
"unity,",2
"straight,",2
triangular;,1
unity,5
magnitude,2
remainder,2
required.,1
"common,",4
"analogous,",1
province,2
question.,5
definitions,9
straight;,1
'take,2
equals,8
remain'.,1
much,3
question:,1
force,2
generally,3
applied,2
geometer,8
"magnitudes,",1
"assumes,",1
"investigates,",1
"units,",2
points,3
lines.,1
assumed,19
sciences;,1
"cube,",1
"incommensurable,",1
deflection,1
verging,1
astronomy,1
way.,4
elements:,1
"posits,",1
examines;,1
called,6
assumes.,1
over,3
elements;,1
expressly,4
posit,3
hot,2
cold,2
number);,1
omit,3
understood.,1
"remain',",1
nevertheless,6
three:,1
expresses,1
self,5
grounded,1
"believe,",1
distinct,7
hypotheses,6
illegitimate,5
postulate,4
'must,1
"believe',",1
addressed,1
spoken,2
"word,",2
discourse,2
"soul,",2
objections,1
inward,1
object.,3
capable,5
teacher,1
believes,3
limited,4
relatively,2
pupil;,1
opinion,20
"matter,",1
postulate.,1
lies,1
postulate:,1
pupil's,2
"opinion,",6
expressed,2
statements,1
hypotheses:,1
contained.,1
"understood,",1
contended,2
hearing,1
teacher.,1
"hypotheses,",1
inferred.,1
geometer's,2
"false,",12
"held,",1
urging,1
employ,2
falsehood,6
uttering,1
stating,3
draws,1
foot,1
neither.,2
draw,2
"speaks,",1
diagrams,1
symbolize.,1
postulates,2
"particular,",4
11,2
beside,2
"many,",1
possibility,4
predicating,4
many;,1
save,2
"goes,",1
goes,2
witb.,1
impossible.,6
"conclude,",3
unequivocally,1
individuals.,2
deny,4
posited,5
form;,2
denied.,1
"difference,",1
add,3
"middle,",7
negative.,3
grant,2
"animal,",16
callias,3
"well,",2
application;,1
affected,1
cover,1
uses,3
reductio,10
ad,11
"impossibile,",3
requisite;,1
"limits,",1
(as,6
"explained),",1
applies,4
demonstrations.,1
communion,2
dialectic,4
attempt,1
excluded,2
subtraction,1
leaves,5
"remainders,",1
"kind,",1
confined,3
interrogative;,1
interrogative,2
barred,1
"demonstrator,",1
opposite,2
nexus.,1
work,2
12,2
equivalent,4
embodying,2
sides,3
"contradiction,",1
"developed,",2
distinctively,3
"question,",3
developed.,1
hence,14
relevant,2
"geometry,",6
"medicine,",1
science:,1
geometry.,1
bound,8
"account,",1
using,1
conjunction,3
conclusions;,1
"geometer,",1
account.,1
sciences.,3
science;,2
inquiries,2
defined,5
field,1
controversy,2
disputant,1
confines,1
applauded;,1
outside,9
"fault,",1
obviously,5
refute,1
accidentally.,1
discuss,4
among,4
"geometers,",1
company,1
unsound,1
unnoticed.,2
correspondingly,1
'geometrical',1
"questions,",3
'ungeometrical',1
questions?,1
special,4
vitiate,1
exclude,3
science?,1
constructed,1
formal,5
fallacy,2
premisses?,1
"or,",2
"ungeometrical,",1
notion,1
parallels,1
meet,1
"geometrical,",1
ungeometrical,1
fashion:,1
"'ungeometrical',",1
"'unrhythmical',",1
"equivocal,",3
bad,1
geometry?,1
"error,",2
'of',1
false,18
mathematics,3
ambiguity,2
"lies,",1
course,2
prefix,1
'all');,1
"can,",1
"speak,",1
intellectual,1
"vision,",1
escape,1
detection.,1
'is,7
figure?',1
diagram,2
'are,2
epics,1
circles?',1
false.,22
inductive,1
bring,1
'objection',2
(otherwise,1
"universals,",4
"be),",1
'objection';,1
'objections',1
validly,1
advanced,1
dialectical.,2
formally,1
illogical,1
middles,10
caeneus',1
fire,7
increases,1
proportion:,1
"'fire',",1
"argues,",1
'increases,1
"rapidly,",1
proportion'.,1
rapidly,2
increasing,2
proportion,3
attributable,24
motion.,1
"sometimes,",1
"doubt,",1
attributes:,1
overlooked.,1
'resolution',1
"easy,",1
inevitably,1
reciprocate.,1
argue,7
existing,1
fact;,6
me,2
"exist,",5
b.,13
"reciprocate,",2
reciprocation,1
"mathematics,",1
characteristic,2
distinguishing,3
reasoning,4
disputations.,1
expands,1
interposition,10
fresh,12
apposition,2
"d,",21
indefinitely.,1
expansion,1
lateral:,1
"minors,",1
e.,3
represent,3
indeterminately;,1
number.,9
next,9
d,51
"number,",12
e,20
13,2
begin,2
"with,",2
differ,10
ways:,1
proximate,7
fact):,1
instead,3
reciprocals,2
middle;,3
become,9
"(2,",1
a),1
planets,3
near,4
twinkle:,1
"planets,",2
"twinkling,",1
proximity.,1
twinkle.,2
twinkle,1
having,13
perception.,7
near.,1
"twinkle,",1
"near,",1
"reversed,",1
"proximity,",1
twinkling.,1
twinkling,1
spherical,2
waxing.,1
waxes,3
"spherical,",2
"waxes,",1
spherical.,2
"form,",10
turns,1
reversed,1
"manner,",2
(let,1
"moon,",5
waxing.),1
"(b),",2
occurs,4
strict,4
"given,",1
'why,6
wall,2
breathe?',1
"answered,",1
'because,6
animal';,1
"cause,",13
absence,2
"respiration,",3
negation,4
"y,",2
affirmation,3
x,5
y;,1
disproportion,1
ill,2
"health,",3
health;,1
"conversely,",1
assertion,1
y's,1
inherence.,1
consequence,3
result;,1
breathes.,1
place,4
wall.,1
breathes,1
"animal),",1
breathe.,1
fetched,1
"explanations,",1
consist,1
making,2
"remote,",1
anacharsis',1
scythians,1
flute,1
players;,1
namely,9
vines.,1
"differ,",2
investigated,1
respectively,5
problems,4
"superior,",1
subordinated,2
mechanical,1
"stereometry,",1
"arithmetic,",4
data,1
observation,2
astronomy.,1
(some,1
bear,1
almost,1
name;,2
nautical,1
"astronomy,",1
acoustical,1
harmonics.),1
business,2
empirical,1
observers,1
mathematicians,1
giving,2
ignorant,3
fact:,1
insight,1
lack,2
instances.,2
perceptible,2
manifestations,1
forms.,2
concern,4
forms:,1
"substratum,",3
"since,",10
mathematician,1
demonstrates,3
optics,1
rainbow.,1
natural,5
"philosopher,",1
"optician,",1
optician,1
optician.,1
standing,1
mutual,1
relation,8
enter,1
points;,1
medicine,1
geometry:,1
physician's,1
wounds,1
heal,1
"slowly,",1
why.,2
14,2
first.,3
vehicle,1
"sciences,",3
practically,2
investigate,1
causes:,2
exclusively,2
speaking,1
scientific;,1
"thirdly,",1
pursue,1
affirmative,17
thing's,18
affirmative;,2
third,9
"affirmative,",3
footed,2
"finally,",1
need,7
"others,",2
intervals,2
closepacked,1
until,6
reached.,2
"clearly,",1
15,2
saw),1
atomically,7
disconnexion,7
atomic.,3
'atomic',1
disconnexions,1
involve,5
intermediate,6
mediated,3
themselves.,1
primary.,1
a.,11
a's,14
syllogism;,1
similar,5
vice,3
"versa,",2
mutually,2
exclusive,1
coordinate,1
predication.,2
acd...is,1
"bef...,and",1
g,7
b;,7
"were,",4
exclusive.,1
"first,",2
containing,4
affirmative:,1
"second,",2
"indifferently,",1
negative,27
disconnected,4
possible.,2
16,2
positive,2
mind,1
produced,3
inference.,3
asserting,4
predicate's,1
"here,",2
befall,1
alternative,3
ways;,1
arise,4
directly,1
consists,6
complication;,1
resulting,3
b:,6
"only,",1
"cases,",3
(c,1
said,10
false.),1
indifferently,1
"one,",2
other.,11
"course,",2
"attribution,",1
attribution,3
various,3
case.,2
(c),4
false;,8
supposing,5
(d),3
longer,3
"genera,",1
wholly,7
other:,2
get,6
valid,1
all.,3
contraries,2
conversely,1
partially,2
premised,1
"partially,",1
"wholly,",1
minor.,1
either;,2
supposition;,1
premiss.,2
atomic,1
17,2
"(a,",2
i),2
'appropriate,1
middle',1
contradictory,2
inferrible.,1
c:,3
"affirmatively,",1
quality,8
changed.,1
similarly,8
(ii),4
predication;,2
remain,4
"unchanged,",2
changed;,1
(i),2
false:,3
d;,2
changed,1
"quality,",3
new,2
true;,1
ex,1
hypothesi,1
"figure,",5
entirely,1
"before,",2
unchanged,1
"changed,",1
"predication,",3
regard,7
error;,1
"converted,",1
type,2
inappropriate.,1
"affirmed,",1
music,2
"emerges,",1
"major,",1
singly,1
varieties,1
happen,1
"occur,",2
18,2
loss,2
senses,3
entails,1
portion,1
acquired.,1
develops,2
particulars;,1
familiarize,1
abstractions,1
"possesses,",1
treated,1
isolation,1
come,10
induction.,2
perception,13
alone,2
adequate,1
grasping,2
particulars:,1
19,2
effected,1
serves,1
showing,1
denies,1
"clear,",5
fundamentals,2
"stated,",1
aims,1
gaining,1
credence,2
credible,2
possible:,2
"real,",1
complete,4
aiming,1
guided,1
real,4
naturally,2
coincidentally,1
'that,1
(thing),5
mode,3
white':,1
'being,1
white',1
coincides,1
'humanity',1
substratum,7
predicates.,1
"suppose,",1
immediate;,1
immediately,4
"f,",3
f,6
"terminate,",5
proceed,16
infinity?,4
h,3
questions:,1
start,7
ascend,2
problem,2
"predicates,",1
descend,2
"fixed,",1
infinity,11
middles?,2
this:,3
"middles,",3
middles;,1
not?,2
"inquiring,",1
"infinity,",1
demonstrable?,1
ultimate,6
another?,1
premisses:,3
"g,",2
"arise,",1
terminates.,2
ask,17
reciprocating,2
seeing,5
stand,3
"unless,",1
"indeed,",5
reciprocate,1
"modes,",1
20,1
predications,4
terminate,7
upward,1
downward,1
direction,2
(by,6
'upward',1
ascent,3
'downward',1
descent,4
"particular),",1
intermediates,5
"bb'b""...",1
"infinite,",3
find,7
"infinitum,",1
f;,1
"equally,",1
processes,3
f.,1
urge,2
ab...f,1
contiguous,1
"intermediates,",1
all:,1
whichever,1
b...i,1
"take,",1
finite,5
infinite:,1
"starts,",1
later,2
"moment,",2
succeeding,1
21,1
"directions,",1
ascending,9
'ultimate,1
term',2
"attributes),",1
descending,6
towards,9
'primary,1
subject).,2
"justified,",1
figures.,1
packing,1
interval,6
reach,6
affirmative.,3
plain,3
d.,2
"consequently,",5
"finite,",1
predicable.,2
"b,..no",1
"required,",1
plainly,2
"above,",2
third.,1
"discussed,",1
display,1
"d...,",1
affirmed.,1
"next,",2
succession,2
"terminates,",3
too.,3
shall,12
prosyllogism.,1
predicables,1
also.,1
"method,",1
employs,1
methods,2
combined,1
"ways,",2
finite.,3
following,14
considerations.,2
22,1
"words,",2
"knowable,",1
"traversed,",2
prefatory,1
remarks,1
make.,1
"walking',",1
big,1
log';,1
log,6
"big',",1
walks'.,1
cases.,2
"log',",1
happens,3
"log,",2
incidentally.,1
"white',",1
"else,",1
musician,3
"white,'",1
white');,1
"white,",2
wood,2
else.,2
lay,4
"rule,",1
entitle,1
'white',1
'log',1
serve,2
types,1
"assume,",2
invariably,1
accidentally,3
depend,4
force.,1
element,17
"nature,",14
"qualified,",2
"quantified,",2
"related,",2
"active,",1
"passive,",1
"placed,",1
dated.,1
signify,3
substance,16
predicate.,2
signifying,2
coincidental;,1
coincident,5
rather,6
white.,1
dispense,1
sound,3
sense;,1
"discussion,",1
concerned,4
defined.,2
quality.,1
predication:,1
genuinely,2
substantially,2
substantial,5
series;,1
"series,",2
"biped,",3
biped,5
"&c.,",1
"callias,",1
further.,1
infinite.,3
"definable,",3
traversed,1
thought:,1
definable.,2
other;,1
equate,1
species.,5
alternative),1
quale,1
"quale,",1
adjectival,2
category,2
coincidents,4
substances.,2
impossibility,1
displays,1
somehow,2
quantified,1
characterized,2
"categories,",1
nature:,1
widest,1
"limited,",1
exhibit,3
acting,4
"suffering,",1
time.,2
implies,1
secondly,1
"coincidents,",2
"type,",1
designation,1
"itself,",3
group,4
substratum.,1
constitutive,2
seen,3
predicable;,1
last,7
demonstrable;,1
"secondly,",2
it),1
consequent.,1
hypothetically,1
terminate.,1
beyond,6
remains,3
"higher,",1
hypothetical,2
contention,4
carry,2
"conviction,",1
analytic,2
process,15
briefly,1
investigation.,1
reasons:,1
number's,1
odd;,1
"former,",1
multiplicity,1
"indivisible,",3
below,1
element:,1
chain,1
"note,",1
extent.,1
finite:,1
referred,2
outset,1
mistaken.,1
impossible;,2
divisible.,1
"interposition,",3
"apposition,",1
continue,2
terms;,2
terminate;,1
"dialectically,",1
given.,1
23,1
corollary,1
"instances,",1
scalene,1
case:,1
"for,",3
turn,2
"third,",1
impossibility.,2
intervals.,1
involved,2
derived,3
premisses;,3
'elements',2
'elements'.,1
ceases,2
inhere:,1
rests;,1
indemonstrable,6
that',3
"that',",1
denying,5
being.,2
admitted,5
proof:,1
constantly,1
condensed,1
one.,4
'single'.,1
spheres,1
system,1
weight,1
"mina,",1
quarter,1
"tone,",1
gives,4
intuition.,2
"syllogisms,",1
syllogisms,3
question;,1
procedure,5
vary.,1
"e,",8
limits,2
24,1
negative;,1
"arises,",1
better?,1
'direct',2
impossibile.,5
examine,4
"forms,",1
cleared,1
up,4
considerations,3
minds,1
prefer,1
greater,5
ideal,1
"demonstration),",1
else;,1
coriscus,2
"musical,",1
"x,",2
attempting,1
x.,1
possesses,8
superior.,8
"demonstrates,",1
groups,3
singulars.,2
creates,2
function,1
conditioned,2
entity,2
world;,2
"triangles,",2
"figures,",1
touches,2
mislead,1
moves,1
unrealities,1
delusory.,1
kind:,1
engage,1
after,8
fashion,1
illustrated,1
proportionate,2
"solid,",1
"plane,",1
apart,2
characteristically,1
reality,1
retort,1
thus.,1
degree,3
matter:,1
equivocal,2
related.,1
particular;,1
unequivocal,2
"particulars,",1
comprise,2
"imperishable,",1
tend,1
perish.,1
compelled,2
examples,3
"relatedness,",1
action.,1
"entertained,",1
blame,1
hearer.,1
(4),4
causative,1
"inherence,",1
primary;,1
cause).,1
especially,1
(5),1
search,5
"ceases,",1
coming,15
step,6
conducted,1
problem.,2
come?',1
'to,1
money,1
wherewith,1
pay,1
debt,1
thereby,2
right.',1
efficient,5
final,7
full,5
came.,1
reasons,1
"respect,",1
"exemplified,",1
attained,1
exterior,2
four,5
attribute?',1
figure.',1
"reason,",4
(6),1
sinks,1
indeterminate,3
"manifold,",1
tends,1
determinate.,1
manifold,1
"unintelligible,",1
"determinate,",1
intelligible:,1
intelligible,1
demonstrable:,1
relative,1
correlative,1
increase,2
"concomitantly,",1
fuller,1
(7),1
teaches,2
preferable,1
universal.,8
additional,4
preferring,1
argument:,1
(8),1
approaches,1
accurate,4
"derived,",1
closely,2
dependent.,1
closer,1
"dependence,",1
render,1
"arguments,",1
clearest,1
indication,2
precedence,1
"propositions,",1
"posterior,",3
potential,2
potentially,2
isosceles',1
actually.,1
intelligible;,1
issues,1
25,1
preceding,2
defence,1
superiority,3
excels,1
ceteris,2
paribus,2
fewer,7
short,1
speedily,1
"acquired,",1
desideratum.,1
set,6
(in,5
"proof),",1
proof);,1
operating,1
inferior.,1
"negative,",5
rule:,2
"expands,",1
proof.,3
"expanded,",1
interposed.,1
interpose,1
affirmatively,3
negatively,2
a;,2
prosyllogisms,1
extremes;,1
"certain,",1
denies:,1
(since,4
explains,1
denial,1
"denial,",1
being).,1
sine,1
26,1
direct.,1
impossibility;,1
"questioned,",1
proofs:,1
falsity,1
"obvious,",1
"being,",2
'no,2
a',2
destructive,1
impossibile,1
antecedents,1
contrary:,1
constituents,2
"whole,",2
"something,",2
27,1
exact,4
"harmonics,",1
"pr,operties",1
substratum;,1
constituted,5
requires,1
elements.,2
'additional,1
elements',1
"position,",2
position;,1
element.,1
28,1
domain,1
entities,1
parts,1
verified,3
conclusions:,1
homogeneous.,1
29,1
cohering,1
severally,5
series.,1
"change,",1
alteration,2
feeling,1
"pleasure,",1
relaxation.,1
pleased,1
suffers,3
alters,1
changes.,1
"falsehood,",1
feel,1
pleasure,1
"relax,",1
relax,1
change.,2
"different,",2
worth,1
investigating,1
varying,1
30,1
chance,5
conjunctions;,1
conjunctions,3
general,13
two;,1
general.,1
31,1
act,8
faculty,2
such',1
perceive,3
time:,1
"perceive,",1
'this',2
'now';,1
everywhere.,1
"seeing,",1
"imperceptible,",1
obtain,1
perception:,2
"nay,",1
looking,2
say),1
saw,3
earth,9
shutting,2
sun's,2
"light,",3
eclipse:,1
"eclipse,",8
watching,1
recurrence,1
event,12
"might,",3
tracking,1
elicited,2
precious,2
perceptions,1
given.),1
"perception,",1
explanation,2
failure,4
vision,1
"inquiry,",1
seeing;,1
pores,2
glass,1
light,6
passing,1
"through,",1
kindling,1
intuit,1
32,1
"nevertheless,",2
falsehoods,2
principles:,1
"coexist,",1
'justice,2
"injustice',",1
cowardice';,1
'man,2
"horse',",1
ox';,1
"greater',",1
less.',1
principles,1
"follows,",1
confining,1
conclusions.,3
generically,6
transferable;,1
"points,",1
position.,1
transferred,1
fit,1
"mean,",2
quanta,1
qualia,1
achieved,2
"conclusions,",2
formed,3
"indefinite,",3
finite;,1
lastly,1
variable.,1
"said,",4
'these,1
"calculation,",2
medicine';,1
truths?,1
"absurd,",1
identified,1
identity.,1
mass,2
drawn.,2
exceedingly,1
"naive,",1
"analysis,",1
premiss:,1
provide,1
argued,1
generically.,1
"kinds,",1
peculiar.,1
33,1
"connexions,",1
otherwise.,2
"did,",2
rational,3
intuition,7
"intuition,",2
"'true',",1
otherwise:,1
view,3
fits,1
observed,2
"facts,",1
"unstable,",1
described,3
"besides,",2
thinks,4
opines,5
otherwise;,1
chooses,1
"opine,",1
train,1
reached;,1
opine,3
grasps,2
"place,",2
apprehends,2
subjects',1
genuine,4
"obtained,",1
alone.,1
identical;,2
leads,1
embrace,1
"doctrines,",1
particularly,1
"'identical',",1
cannot.,1
side,5
absurd:,1
opinions,1
same:,1
definable,33
differ.,1
similar.,1
apprehension,6
"of,",3
'animal',2
man's,4
opinion:,1
"judgements,",1
differs.,2
simultaneously;,1
apprehend,5
co,1
"explained,",1
person.,1
"apprehending,",1
consideration,1
modes,1
thinking,3
distribution,1
heads,1
discursive,1
"thought,",1
"art,",1
practical,1
"wisdom,",1
metaphysical,1
"thinking,",1
partly,2
moral,1
philosophy.,1
34,1
quick,1
wit,1
hitting,1
instantaneously.,1
exemplified,3
her,5
bright,2
turned,2
"sun,",1
quickly,1
grasped,2
she,2
borrows,1
him;,1
somebody,1
conversation,1
wealth,1
divined,1
borrowing,1
"money,",1
friendship,1
sprang,1
enmity.,1
'bright,1
"sunward',",1
'lighted,2
"sun',",1
sun',1
'having,1
"light',",1
ii,1
know.,1
four:,1
complex,2
"whether,",2
sun,5
asking,6
inquiry,3
discovery,1
suffer,4
this;,1
inquire,5
reason;,1
"as,",4
eclipsed,6
earthquake,2
"progress,",1
inquire.,1
"concerned,",1
ask;,1
"ask,",2
centaur,1
god.,1
not',1
qualification';,1
[e.g.],1
white'.),1
ascertained,3
"asking,",1
"'what,",3
god?',1
'what,8
man?'.,1
"these,",1
consists.,1
'middle';,1
partial,4
proceeding,1
'middle',10
"eclipse?',",1
"wax?',",1
being;,1
attribute:,1
"whereas,",2
night,1
thing.),1
is:,1
seek,2
inquiries.,1
eclipse?',4
producing,1
"moon?',",1
cause?,3
"qualification,",1
accident,4
middle'.,1
sense),1
"inequality,",1
interposition.,2
identical:,1
privation,2
moon's,3
earth',1
reply,1
earth's,8
out'.,1
concord?,1
numerical,2
ratio,3
high,3
low,3
"note',",1
substitute,1
note,2
concordant?,1
ratio.',1
concordant?',1
commensurate?';,1
"commensurate,",4
ratio?'.,1
sensible,1
'middle':,1
"inquire,",1
perceived,1
"causing,",1
eclipse.,1
inquiring,4
simultaneously.,1
enabled,1
too;,1
"evident,",3
screening,1
"maintain,",1
is;,2
less.,1
'middle'.,1
reduced,1
difficulties,1
"raise,",1
beginning,1
intimately,1
"remarks,",1
doubt,2
felt,1
"relation,",1
urged,1
held,1
universal;,1
angles'.,1
it:,1
"could,",1
stop,1
sufficiently,1
convince,1
difference;,1
then?,1
covers,1
follow:,2
endless;,1
same?,1
definable?,1
"none,",2
evidently,2
"odd,",3
likewise.,1
another;,2
plane,2
plane.,1
reveals,2
whole.,2
emerges,2
definable;,2
part.,1
"much,",1
stage,1
recent,1
grounds:,1
essence.,4
"definition,",8
connecting,1
c's,3
"essence,",3
duplicated,1
appear,2
generalize,1
aught,1
"syllogize,",1
"prove,",1
ought,1
"investigate,",1
illustrates,1
discussion.,1
soul,5
beg,1
begging,1
contend,1
"life,",1
life,2
moving,3
human,3
"inference,",1
begged,2
"nor,",2
"logic,",1
division,18
characterization,1
premising,2
facts:,1
little,1
"concession,",1
respondent,1
definer,1
asks,1
inanimate?',1
presented,1
exhaustive,1
terrestrial,3
"aquatic,",1
terrestrial.,1
"formula,",3
"assumption,",1
comprises,1
few.,1
(indeed,1
such.),1
form?,1
guarantee,2
"addition,",2
omission,4
determinant,1
being?,1
champion,1
lapses,1
solve,1
postulating,1
uninterrupted,1
sequence,1
nothing;,1
fulfil,1
divided,1
"stage,",1
omitted;,1
dividendum,2
(ultimately),1
specific,1
division.,3
"reply,",1
inference;,1
absurdity,1
"division,",3
et,1
alleged,1
open,2
invite,1
man?',1
divider,1
"'animal,",1
"mortal,",1
"footed,",1
wingless';,1
"'why?',",1
"thinks,",1
mortal,1
immortal:,1
entirety,2
definition;,2
"hypothetically,",1
nature;,2
synthesis,6
thing;,2
obtaining,1
too?,1
syllogizing,1
"part),",1
posited.,1
defend,2
conforming,2
doubts,1
express,1
begs,1
evil,2
"divisible,",3
good,5
indivisible,2
indivisible.,3
form.,2
'but,1
"form',",1
"admit,",1
'that';,1
"convertible,",1
"terrestrial,",1
ensure,1
grammatical,2
nature?,3
establish,2
"exception,",1
presumably,1
appeal,1
pointing,2
"finger,",1
remains?,1
way:,1
exists;,1
phrase,2
'goat,1
stag',1
goat,1
stag,1
exists?,1
"process,",1
exhibits,2
exists,5
thing?,1
essence;,1
proves.,1
triangle?,1
exists.,5
moreover,3
"use,",1
exists:,1
equidistant,1
"centre,",1
named,2
exist?,2
"why,",1
circle?,1
mountain,1
copper.,1
define:,1
"name,",3
words,2
signifies.,2
consequence;,1
existents,1
signified,1
sentences,1
sentence,1
talking,1
iliad,1
definition:,2
thing:,1
"neither,",1
revealing,1
reveal,1
meaning.,1
appears,1
"anything,",1
afresh,1
none.,1
indemonstrable.,1
examined,1
property;,1
natures,2
amount,1
aware,6
dawn,1
"simultaneously,",1
sooner,1
apprehending,2
thunder,4
noise,3
"clouds,",2
awareness,1
got,1
unaware,1
nothing.,1
whenever,1
difficulty.,1
determined,1
screen.,2
occurred.,3
condition;,1
necessitates:,1
"answer,",1
together;,1
example:,3
shadows,2
visible,1
body,2
intervenes,1
her.,1
spite,1
intervening,1
"body,",1
"eclipsed,",2
"screen,",1
rotation,1
extinction?,1
"examples,",1
thunder?',2
quenching,3
"cloud',",2
quenched,4
equivalent.,1
"cloud,",2
"thunder,",1
fire.,1
"noise,",1
remaining,3
discovered,1
exhibited.,1
demonstrated;,1
preliminary,2
discussions.,1
"themselves,",1
"arithmetician,",1
unit.,1
explained),1
"'middle',",1
itself;,1
nominal,1
tells,1
'triangular,1
character'.,1
difficult,1
"conjunction,",2
"iliad,",1
"proving,",1
quasi,1
differing,3
arrangement,2
"thunders,",1
thunder;,1
"clouds',",1
clouds'.,1
form:,1
continuous,2
immediates,1
discussion,1
meanings,1
necessitates,4
"consequent,",1
minimum,2
necessarily.,2
this.,2
angle,4
semicircle,2
angle?,2
half,3
semicircle.,1
"semicircle,",1
b=a,1
"c,=b,",1
angle.,2
athenians,1
persian,1
war?',1
originated,2
waging,1
war,3
athenians?',1
raided,1
sardis,1
"eretrians',",1
war.,1
"war,",2
unprovoked,2
"raiding,",2
athenians.,1
"athenians,",2
men,2
unjust,1
aggressor.,1
waged,1
initial,2
"aggressors,",1
aggressors.,1
walk,2
supper?,1
sake,1
health.,3
house,5
preservation,1
goods.,1
preservation.,1
supper,2
"supper,",1
regurgitation,3
"food,",2
preventing,1
food,1
rising,1
orifice,1
"stomach,",1
healthy;,1
seems,1
"walk,",1
"what,",2
c?,2
food;,1
explained,2
"transposed,",1
detail,1
clearer.,1
"incidentally,",1
reverse,1
cause:,2
teleological,1
necessitated,1
shines,1
lantern,1
small,1
particles,2
passes,1
issue,2
penetration,1
"end,",4
stumbling.,1
hiss,1
roar,1
"fire,",1
"designed,",1
pythagoreans,1
threat,1
terrify,1
lie,2
tartarus?,1
mostly,2
products,2
"'nature',",1
accordance,1
"tendency,",1
constraint,1
stone,1
borne,1
upwards,1
"downwards,",1
intelligence,1
statue;,1
health,1
"safety,",1
(though,1
production,1
originate,2
"chance,",2
"good),",1
art.,1
end.,1
occurrence,4
past,17
"future,",2
"existent,",1
"past,",2
future,8
future.,3
"intervened,",1
becoming,1
"intervening,",1
"intervene,",1
intervenes.,1
ice,2
solidified,1
"water,",2
"solidified,",1
heat.,1
attributed,1
"solidification,",1
"occurring,",1
"occurred,",8
"becoming,",1
exist;,1
simultaneous?,1
effects,1
"succession,",1
it?,1
(and,1
origin,1
"event),",1
(we,1
occurred,4
subsequently,1
future),1
"because,",1
subsequent,1
"event,",1
occurred;,2
"events,",2
events;,1
"homogeneous,",1
extremes,2
existent;,1
indefinite,1
"definite,",1
during,1
together,1
occurring,1
event.,1
"suggest,",1
"'contiguous',",4
'contiguous'.,2
atomic;,1
'contiguous',3
analogous,1
"point,",2
events.,1
receive,1
explicit,1
treatment,1
suffice,1
consecutive,1
events:,1
premiss;,1
occurred:,1
prior;,1
starting,2
present.,1
previously,2
intervene,1
consisting,1
"too,",2
divisibility,1
"urged,",1
world,1
"built,",2
blocks,3
quarried,1
shaped.,1
built,2
"laid,",1
laid,1
shaped,2
beforehand.,1
beforehand;,1
house.,1
"reciprocal,",1
conversion,1
reciprocity,1
convertibility,1
early,1
"chapters,",1
moistened,1
exhalation,2
"rise,",1
risen,1
cloud,2
formation,2
rain,2
resulted,1
moistened:,1
completed;,1
case);,1
grow,1
"beard,",1
rule.,3
rule;,1
embody,2
derive,1
adopted,1
tracing,1
"triad,",5
triad,10
numbers,1
(inhering,1
"pentad),",1
extend,1
triad;,1
pentad,1
"select,",1
collectively,2
coextensive,3
"senses,",1
"divisors,",1
term:,1
"apply,",1
dyad,2
"collectively,",1
above',1
select,3
constitutes,1
argument.,1
nameless.,1
"triads,",1
characterizing,2
exhibited,1
author,1
divide,2
infimae,4
endeavour,1
seize,1
subaltern,2
quantity,1
"species,",7
working,1
differentiae.,1
compounded,1
species;,1
infirma,1
divisions,1
useful,1
accessory,1
method.,1
collecting,1
show.,1
matters,1
tame,1
tame.,1
'animal,1
tame',1
(or,1
construction),1
"constituted,",1
avoiding,1
lower,2
"divisions,",1
division:,1
winged,4
split,1
differentiation,4
belongs.,1
falls.,1
animal;,1
bird,2
"bird,",2
fish,1
fish.,1
omitted:,2
"differentiae,",1
fallacy:,1
precludes,1
"identity,",2
essentially.,1
exhaust,1
seeks,1
presence,4
them;,1
predicated.,1
reaches,1
substance.,1
exhausts,1
sides.,1
establishing,1
keep,1
view:,1
"order,",1
feasible,1
topic,2
accident.,1
ensured,1
"excluded,",1
on.,1
divisible,2
exhaustively,1
"reached,",1
soon,1
concrete,2
"totality,",1
totality,2
admits,1
superfluous,1
"lacking,",1
differentia.,1
"included,",1
differentia;,1
admit,2
resume,1
investigation:,1
observing,1
"individuals,",1
common.,1
set.,1
members,2
results,2
persevere,1
"more,",1
definiendum,1
illustrate,3
pride,1
proud,1
common;,1
alcibiades,2
"proud,",2
achilles,2
ajax,2
intolerance,1
insult;,1
drove,1
"wrath,",1
suicide.,1
"lysander,",1
"socrates,",1
indifference,1
"fortune,",1
equanimity,1
amid,1
vicissitudes,1
impatience,1
dishonour.,1
pride.,1
commensurate:,1
physician,1
prescribe,1
healthy,1
"eye,",1
eyes,1
eye.,1
easier,1
equivocation,1
readily,1
detected,1
perspicuity,2
inferential,1
movement,1
demonstrations;,1
attain,1
collect,3
similarity,1
restricted,1
colours,2
figures;,1
"acuteness,",1
careful,1
avoidance,1
equivocation.,1
disputation,1
"metaphors,",1
metaphors,1
metaphorical,1
expressions,1
precluded,1
metaphors.,1
formulate,1
wish,1
analyses,1
divisions.,1
selection,2
laying,1
investigation,1
"animals,",3
"established,",1
classes,1
subgenus,1
"on,",1
subgenus.,1
enable,1
subgenera,2
horse,1
reason:,1
throughout,1
applies.,1
traditional,1
"names,",1
confine,1
considering,1
"observe,",1
what.properties,1
horned,2
animals,3
stomach,1
row,1
teeth.,1
horns,1
attach?,1
analogy:,1
squid's,1
"pounce,",1
fish's,1
"spine,",1
animal's,1
"bone,",1
although,1
osseous,1
'reciprocal,1
replacement',1
concerning,1
manifestation.,1
"echo,",1
"reflection,",1
rainbow:,1
"generically,",1
repercussion;,1
different.,2
nile,1
rise,1
month?,1
close,1
month,2
stormy.,1
stormy,1
close?,1
waning.,1
present;,1
plant,4
sheds,1
broad,9
"leaves,",3
"case,",1
"argue,",1
"present,",3
phenomena,1
leaves;,1
logically,2
illustrate:,1
deciduous,6
vine.,2
leaved,1
"deciduous),",3
(every,2
vine,5
leaves);,1
deciduous.,4
"leaved,",1
"deciduous,",2
leaves):,1
"effect,",3
interposition),1
bare,1
versa.,1
respectively.,1
"may,",1
suggest,1
convertible.,1
"supposing,",1
trees,1
coagulation,5
"sap,",1
tree,3
different?,1
impossible?,1
symptom,1
regarded,1
demanding,1
correspond,1
"extremes,",1
involving,1
increment.,1
likeness,2
colour,2
figure;,1
ratios,1
perceiving,1
sort.,1
requiring,1
analogy,1
analogous.,1
"severally,",1
external,2
"are),",1
angles).,1
"reciprocates,",1
major;,1
incidentally,1
"vine,",1
vine;,1
"fig,",1
fig:,1
"proximate,",1
sap,2
major:,1
junction,1
leaf,1
stalk,1
stem,1
defines,1
inter,1
"demanded,",1
following.,1
"totality),",1
extends,1
d:,1
b's,2
d?,2
united,2
able,1
predicated?,1
look,1
for.,1
longevity,1
quadrupeds,1
"bile,",1
birds,1
dry,1
constitution,1
certainly,1
"once,",1
property's,1
species?,1
"manifested,",1
subject's,1
formally:,1
itself.,1
"produce,",1
raising,1
respect,1
both;,1
states,4
innate,4
birth;,1
apprehensions,1
notice,1
basis,1
"birth,",1
capacity,2
"sort,",1
rank,1
accuracy,1
states.,1
congenital,1
discriminative,1
impression,3
"persist,",1
persistence,3
"perceiving,",1
persists;,1
soul:,2
frequently,2
repeated,2
arises,1
impressions,1
develop,1
power,1
systematizing,1
"memory,",1
memories,2
experience;,1
experience.,1
experience,1
stabilized,1
skill,2
craftsman,1
rout,1
battle,1
stopped,1
restored.,1
process.,1
restate,1
"already,",1
insufficient,1
clearness.,1
indiscriminable,1
"stand,",1
earliest,1
content,1
callias.,1
rudimentary,1
cease,1
"concepts,",1
established:,1
generalization.,1
induction;,1
implants,1
inductive.,1
unfailingly,1
knowable,1
discursive.,1
truer,1
"knowledge.if,",1
